FB_Win,Win Rate,CI_Low,CI_Upp
FB,0.5916666666666667,0.5022078316314156,0.6754386545251554
Non-FB,0.4083333333333333,0.3245613454748446,0.4977921683685844
