TimeBucket,OffWinProb,TotalRounds
0-20s,0.3333333333333333,9
20-40s,0.5833333333333334,12
40-60s,0.38461538461538464,13
60s+,0.2,15
