Map,FirstBloodSuccessRate
Coastal,50.0
Kurohana,44.44444444444444
Standoff,57.14285714285714
Tunisia,60.86956521739131
