Team,AvgLifeDiff,RoundDiff,AvgTicksPerOffRound,AvgTicksAllowedPerDefRound,CumulativeLifeDiff,WinRate,ControlRanking
GodL,1.9,2,3.5833333333333335,-2.6538461538461537,95,55.55555555555556,0.49765972298139827
Wolves,2.41025641025641,11,2.4761904761904763,-2.7222222222222223,94,62.5,0.4453456663540559
OUG,0.9230769230769232,2,3.8461538461538463,-2.730769230769231,48,50.0,0.3902924737996807
XROCK,1.0731707317073171,7,3.6,-3.857142857142857,44,75.0,0.27231710904969747
Q9,-0.1228070175438596,1,2.9642857142857144,-2.7586206896551726,-7,60.0,0.05758811346302877
SPG,-3.613636363636364,-14,2.409090909090909,-3.5,-159,22.22222222222222,-1.6632030856478628
