Team,HPRanking,ControlRanking,SNDRanking,FinalRanking
Wolves,1.0725508380094757,0.4453456663540559,0.1682879679228913,100.0
OUG,0.8310872967334697,0.3902924737996807,-0.13444283211473557,91.32457130106395
Q9,-0.3000608078784739,0.05758811346302873,1.0060750209671707,88.94248276163836
GodL,0.6946603248112644,0.49765972298139827,-0.39234771536470786,86.15549449887408
XROCK,-1.1210323875430679,0.27231710904969736,-0.8248321795367045,50.33142135256894
SPG,-1.1772052641326676,-1.6632030856478628,0.1772597381260851,50.0
