Team,HPRanking,ControlRanking,SNDRanking,FinalRanking
Wolves,1.0149558255399997,-0.021865306963927286,0.3598395240245709,100.0
Q9,-0.23943350253356263,-0.14158357175734435,0.9169813165448712,87.68914902066554
OUG,0.7217093981731653,0.5848074052590353,-0.49664155272186955,86.23734840231728
GodL,0.7095106097343813,-0.062149899531969074,-0.28447753001906817,84.22897184332835
XROCK,-0.9676545963421497,0.9185907671276718,-0.6625952102520748,58.782880756073276
SPG,-1.239087734571834,-1.2777993941334653,0.166893452423571,50.0
