FBPlayer,FBTeam,TotalFBs,RoundsPlayed,FBRate
Sunuo,XROCK,45,234,19.23076923076923
Seven,OUG,52,313,16.61341853035144
Abhiz,GodL,30,190,15.789473684210526
Maoqi,Q9,35,252,13.88888888888889
Bird,SPG,38,279,13.620071684587813
Rise,Wolves,33,246,13.414634146341463
Zai,Wolves,33,246,13.414634146341463
Dchen,Q9,33,252,13.095238095238095
Solo,OUG,38,313,12.140575079872205
GuXing,SPG,33,279,11.827956989247312
