Defense,PlantRate,RetakeRate,RoundDiff
AG,71.42857142857143,50.0,7
DVS,50.0,30.0,-2
GodL,46.666666666666664,50.0,15
OUG,52.63157894736842,40.0,1
Q9,62.5,0.0,6
SPG,41.37931034482759,10.0,-4
Soul,51.21951219512195,31.57894736842105,-8
WL,25.0,0.0,-6
Wolves,34.48275862068966,25.0,4
XLR8,21.428571428571427,75.0,-12
XROCK,55.55555555555556,30.0,-1
