TOTeam,TimeoutsTaken,NextRoundWinRate,ThreeRoundAvgWinRate,MapWinRate
GodL,9,33.33333333333333,48.148148148148145,33.333333333333336
OUG,14,57.14285714285714,54.76190476190476,28.571428571428573
Q9,9,66.66666666666666,62.962962962962955,66.66666666666667
SPG,5,60.0,46.666666666666664,20.0
Wolves,11,36.36363636363637,51.515151515151516,45.45454545454545
XROCK,6,33.33333333333333,44.44444444444444,16.666666666666668
