Team,AvgLifeDiff,RoundDiff,WinPct,AvgTicksPerOffRound,AvgTicksAllowedPerDefRound
OUG,2.689655172413793,9,0.7692307692307693,4.0,2.2857142857142856
Wolves,1.3,4,0.75,2.0625,2.9285714285714284
GodL,1.0,-1,0.25,3.5555555555555554,2.789473684210526
SPG,-5.333333333333333,-18,0.46153846153846156,1.9411764705882353,3.4705882352941178
Q9,1.0,4,0.8461538461538461,3.0454545454545454,2.272727272727273
XROCK,1.5454545454545454,7,1.0,3.6875,3.8823529411764706
