Map,OffenseWinRate,DefenseWinRate,A Captures,B Captures,TotalRounds
Crossfire,0.4142857142857143,0.5857142857142857,59,8,70
Raid,0.40625,0.59375,5,20,32
Takeoff,0.3103448275862069,0.6896551724137931,30,4,58
