FB_Time_Bin,WinRateWithFB,Rounds
0-15s,0.7172413793103448,145
16-30s,0.6992481203007519,133
31-45s,0.5384615384615384,52
>45s,0.68,75
