TradeTimeBin,WinRateWithTrade,TradeRounds
0-5s,0.5572519083969466,131
6-20s,0.48717948717948717,39
>20s,0.5675675675675675,37
