Defense,PlantRate,RetakeRate,RoundDiff
GodL,50.0,25.0,-10
OUG,58.88888888888889,32.142857142857146,-6
Q9,56.470588235294116,39.39393939393939,27
SPG,57.14285714285714,16.666666666666668,8
WL,25.0,0.0,-6
Wolves,40.0,34.61538461538461,4
XROCK,42.465753424657535,21.428571428571427,-17
