n_matches,AUC_mean,AUC_std,Brier_mean,Brier_std
22,0.8333333333333334,0.21081851067789195,0.1598911658508438,0.0790535286336629
