n_matches,AUC_mean,AUC_std,Brier_mean,Brier_std
41,0.8724999999999999,0.13074572438303458,0.14160592034757552,0.04643512198217331
