Team,RotationWin,BreakSuccess,AvgHoldDuration (s),AvgBreakDuration (s),ScrapPoints,TopHill,TopHillAvgPts,ControlSharePct,AvgScoreDiff
Wolves,47.16981132075472,47.91666666666667,15.49056603773585,16.458333333333332,494,Slums P2,44.0,34.89273927392739,31.444444444444443
OUG,47.2972972972973,40.298507462686565,17.83783783783784,13.402985074626866,493,Slums P3,36.5,32.121749408983455,37.25
GodL,48.148148148148145,34.78260869565217,16.055555555555557,12.565217391304348,394,Combine P4,32.5,30.733333333333334,72.33333333333333
Q9,43.39622641509434,25.0,13.264150943396226,10.235294117647058,448,Hacienda P3,38.0,25.68870523415978,-12.714285714285708
XROCK,40.0,21.73913043478261,14.218181818181819,7.884057971014493,366,Summit P4,30.5,22.93010752688172,-58.59090909090909
SPG,29.6875,18.0,11.65625,8.8,296,Slums P1,34.0,21.849415204678362,-10.25
