Team,RotationWin,BreakSuccess,ScrapPoints,ControlSharePct,AvgScoreDiff
Wolves,47.16981132075472,47.91666666666667,494,34.89273927392739,31.444444444444443
OUG,47.2972972972973,40.298507462686565,493,32.121749408983455,37.25
GodL,48.148148148148145,34.78260869565217,394,30.733333333333334,72.33333333333333
Q9,43.39622641509434,25.0,448,25.68870523415978,-12.714285714285708
XROCK,40.0,21.73913043478261,366,22.93010752688172,-58.59090909090909
SPG,29.6875,18.0,296,21.849415204678362,-10.25
